,open_covid_region_code,country_region_code,country_region,sub_region_1,sub_region_1_code,date,symptom:Angular cheilitis,symptom:Aphonia,symptom:Crackles,symptom:Dysautonomia,symptom:Hemolysis,symptom:Laryngitis,symptom:Rectal pain,symptom:Shallow breathing,symptom:Ventricular fibrillation,hospitalized_new
0,US-AK,US,United States,Alaska,US-AK,2020-03-09,12.470622950819674,7.91,11.489546925566342,9.76,11.677821782178219,12.45,7.07,8.08,10.976394984326019,0.0
1,US-AK,US,United States,Alaska,US-AK,2020-03-16,12.470622950819674,7.95,8.57,8.73,8.1,15.9,7.33,10.91,10.976394984326019,0.0
2,US-AK,US,United States,Alaska,US-AK,2020-03-23,12.470622950819674,14.549456193353475,8.36,7.19,15.55,7.04,6.31,9.24,7.04,0.0
3,US-AK,US,United States,Alaska,US-AK,2020-03-30,12.470622950819674,14.549456193353475,11.489546925566342,11.881746031746031,7.82,11.726466666666667,11.043774193548385,10.81,7.11,7.0
4,US-AK,US,United States,Alaska,US-AK,2020-04-06,7.06,14.549456193353475,7.2,11.881746031746031,8.79,5.76,10.37,7.06,10.976394984326019,16.0
5,US-AK,US,United States,Alaska,US-AK,2020-04-13,6.52,14.549456193353475,7.23,11.881746031746031,8.94,11.726466666666667,11.043774193548385,6.81,10.976394984326019,9.0
6,US-AK,US,United States,Alaska,US-AK,2020-04-20,12.470622950819674,14.549456193353475,6.39,11.881746031746031,8.42,11.726466666666667,11.043774193548385,12.905856697819313,9.0,4.0
7,US-AK,US,United States,Alaska,US-AK,2020-04-27,12.470622950819674,14.549456193353475,6.26,6.41,7.9,11.726466666666667,6.11,12.905856697819313,9.83,-36.0
8,US-AK,US,United States,Alaska,US-AK,2020-05-04,12.470622950819674,14.549456193353475,11.489546925566342,8.57,11.677821782178219,11.726466666666667,10.83,12.905856697819313,10.53,0.0
9,US-AK,US,United States,Alaska,US-AK,2020-05-11,12.470622950819674,14.549456193353475,7.31,11.881746031746031,11.677821782178219,11.726466666666667,11.043774193548385,6.09,7.92,0.0
10,US-AK,US,United States,Alaska,US-AK,2020-05-18,9.08,14.549456193353475,11.489546925566342,11.881746031746031,11.677821782178219,11.726466666666667,6.31,12.905856697819313,8.62,0.0
11,US-AK,US,United States,Alaska,US-AK,2020-05-25,12.470622950819674,14.549456193353475,11.489546925566342,11.881746031746031,6.99,11.726466666666667,6.36,12.905856697819313,6.36,0.0
12,US-AK,US,United States,Alaska,US-AK,2020-06-01,11.05,14.549456193353475,11.489546925566342,11.881746031746031,7.0,11.726466666666667,11.043774193548385,6.38,10.976394984326019,0.0
13,US-AK,US,United States,Alaska,US-AK,2020-06-08,9.8,14.549456193353475,11.489546925566342,10.73,6.53,11.726466666666667,8.24,12.905856697819313,9.18,0.0
14,US-AK,US,United States,Alaska,US-AK,2020-06-15,6.8,14.549456193353475,11.489546925566342,11.881746031746031,11.677821782178219,11.726466666666667,11.043774193548385,12.905856697819313,6.95,0.0
15,US-AK,US,United States,Alaska,US-AK,2020-06-22,7.11,7.41,6.64,11.881746031746031,9.42,11.726466666666667,11.043774193548385,12.905856697819313,6.49,0.0
16,US-AK,US,United States,Alaska,US-AK,2020-06-29,12.470622950819674,14.549456193353475,11.489546925566342,6.44,11.677821782178219,11.726466666666667,11.043774193548385,12.905856697819313,11.91,0.0
17,US-AK,US,United States,Alaska,US-AK,2020-07-06,12.470622950819674,14.549456193353475,11.489546925566342,11.881746031746031,6.18,11.726466666666667,8.89,6.33,7.68,0.0
18,US-AK,US,United States,Alaska,US-AK,2020-07-13,6.52,7.43,11.489546925566342,7.73,11.677821782178219,11.726466666666667,8.03,12.905856697819313,7.28,0.0
19,US-AK,US,United States,Alaska,US-AK,2020-07-20,12.470622950819674,14.549456193353475,11.489546925566342,6.78,11.677821782178219,11.726466666666667,6.78,12.905856697819313,7.08,0.0
20,US-AK,US,United States,Alaska,US-AK,2020-07-27,12.470622950819674,14.549456193353475,7.52,7.07,7.97,11.726466666666667,7.22,12.905856697819313,10.976394984326019,0.0
21,US-AK,US,United States,Alaska,US-AK,2020-08-03,12.470622950819674,14.549456193353475,6.76,7.81,11.677821782178219,11.726466666666667,6.01,12.905856697819313,8.86,0.0
22,US-AK,US,United States,Alaska,US-AK,2020-08-10,8.75,14.549456193353475,11.489546925566342,11.37,6.45,11.726466666666667,11.043774193548385,12.905856697819313,7.22,0.0
23,US-AK,US,United States,Alaska,US-AK,2020-08-17,12.470622950819674,14.549456193353475,10.12,7.59,6.55,11.726466666666667,11.043774193548385,12.905856697819313,6.55,0.0
24,US-AK,US,United States,Alaska,US-AK,2020-08-24,12.470622950819674,14.549456193353475,11.489546925566342,6.93,11.677821782178219,11.726466666666667,11.043774193548385,9.24,8.37,0.0
25,US-AK,US,United States,Alaska,US-AK,2020-08-31,12.470622950819674,6.82,11.489546925566342,8.45,11.677821782178219,11.726466666666667,6.08,8.01,10.976394984326019,0.0
26,US-AK,US,United States,Alaska,US-AK,2020-09-07,12.470622950819674,14.549456193353475,7.49,7.94,7.34,11.726466666666667,8.39,12.905856697819313,10.64,0.0
27,US-AK,US,United States,Alaska,US-AK,2020-09-14,6.32,14.549456193353475,6.17,9.11,9.99,6.76,8.08,12.905856697819313,8.67,0.0
28,US-AK,US,United States,Alaska,US-AK,2020-09-21,12.470622950819674,14.549456193353475,11.489546925566342,9.48,7.73,6.71,11.043774193548385,12.905856697819313,7.73,0.0
29,US-DC,US,United States,District of Columbia,US-DC,2020-03-09,2.69,5.99,3.77,4.72,5.26,8.67,3.16,11.5,5.55,0.0
30,US-DC,US,United States,District of Columbia,US-DC,2020-03-16,4.3,4.68,3.79,3.2,4.85,6.53,3.58,15.0,3.71,0.0
31,US-DC,US,United States,District of Columbia,US-DC,2020-03-23,3.82,3.6,4.34,3.73,6.94,4.95,3.47,10.8,4.12,0.0
32,US-DC,US,United States,District of Columbia,US-DC,2020-03-30,5.62,2.53,6.23,2.53,5.62,4.4,3.36,9.29,4.18,0.0
33,US-DC,US,United States,District of Columbia,US-DC,2020-04-06,4.9,14.549456193353475,2.9,3.3,3.07,2.23,4.14,7.49,4.95,0.0
34,US-DC,US,United States,District of Columbia,US-DC,2020-04-13,4.81,2.38,2.74,2.43,4.37,3.09,4.99,5.17,3.71,0.0
35,US-DC,US,United States,District of Columbia,US-DC,2020-04-20,4.82,2.1,2.94,3.07,4.99,3.07,3.5,4.34,4.07,0.0
36,US-DC,US,United States,District of Columbia,US-DC,2020-04-27,5.09,14.549456193353475,2.44,3.5,4.34,2.79,3.72,5.58,3.45,0.0
37,US-DC,US,United States,District of Columbia,US-DC,2020-05-04,6.03,2.03,11.489546925566342,2.52,4.41,2.57,4.91,5.09,3.96,0.0
38,US-DC,US,United States,District of Columbia,US-DC,2020-05-11,6.74,14.549456193353475,2.91,2.64,4.28,2.73,4.74,4.83,2.64,0.0
39,US-DC,US,United States,District of Columbia,US-DC,2020-05-18,3.71,2.83,2.69,3.53,2.97,3.39,3.02,4.04,4.96,0.0
40,US-DC,US,United States,District of Columbia,US-DC,2020-05-25,3.55,14.549456193353475,11.489546925566342,2.18,3.5,3.41,4.45,6.01,4.02,0.0
41,US-DC,US,United States,District of Columbia,US-DC,2020-06-01,6.32,2.48,2.01,3.13,5.33,2.81,4.4,2.25,4.02,0.0
42,US-DC,US,United States,District of Columbia,US-DC,2020-06-08,5.03,14.549456193353475,2.16,3.62,5.45,2.07,3.95,3.62,4.7,0.0
43,US-DC,US,United States,District of Columbia,US-DC,2020-06-15,5.25,2.27,2.08,4.96,5.25,2.55,4.07,3.73,6.34,0.0
44,US-DC,US,United States,District of Columbia,US-DC,2020-06-22,5.24,2.33,2.95,4.67,6.43,3.1,3.81,4.48,4.14,0.0
45,US-DC,US,United States,District of Columbia,US-DC,2020-06-29,7.01,3.25,2.49,4.83,5.03,3.66,4.47,3.2,3.61,0.0
46,US-DC,US,United States,District of Columbia,US-DC,2020-07-06,4.53,2.36,2.6,5.49,5.49,2.7,4.1,4.38,3.85,0.0
47,US-DC,US,United States,District of Columbia,US-DC,2020-07-13,3.94,3.23,2.57,5.27,5.99,3.18,3.71,5.46,4.04,0.0
48,US-DC,US,United States,District of Columbia,US-DC,2020-07-20,5.67,2.19,11.489546925566342,4.53,3.43,3.05,4.81,3.34,4.67,0.0
49,US-DC,US,United States,District of Columbia,US-DC,2020-07-27,4.63,2.48,11.489546925566342,5.02,6.59,2.87,4.4,3.77,4.63,0.0
50,US-DC,US,United States,District of Columbia,US-DC,2020-08-03,5.22,14.549456193353475,2.66,7.54,6.34,3.53,3.29,3.0,3.14,0.0
51,US-DC,US,United States,District of Columbia,US-DC,2020-08-10,4.9,2.28,11.489546925566342,5.63,5.72,3.64,6.84,4.27,3.1,0.0
52,US-DC,US,United States,District of Columbia,US-DC,2020-08-17,5.8,14.549456193353475,3.38,4.64,4.64,2.03,3.86,3.24,4.44,0.0
53,US-DC,US,United States,District of Columbia,US-DC,2020-08-24,3.87,14.549456193353475,2.12,4.56,4.33,2.58,4.79,3.73,4.05,0.0
54,US-DC,US,United States,District of Columbia,US-DC,2020-08-31,5.16,2.37,11.489546925566342,5.2,6.78,2.93,5.06,2.97,3.95,0.0
55,US-DC,US,United States,District of Columbia,US-DC,2020-09-07,4.66,4.75,2.72,4.34,5.31,2.77,4.89,3.32,3.97,0.0
56,US-DC,US,United States,District of Columbia,US-DC,2020-09-14,6.22,2.87,11.489546925566342,5.6,6.76,3.27,4.3,2.69,4.43,0.0
57,US-DC,US,United States,District of Columbia,US-DC,2020-09-21,5.28,2.33,2.95,4.75,7.35,2.64,4.18,3.52,3.61,0.0
58,US-DE,US,United States,Delaware,US-DE,2020-03-09,4.56,10.22,6.17,9.8,6.67,18.33,5.57,11.82,6.84,0.0
59,US-DE,US,United States,Delaware,US-DE,2020-03-16,6.26,8.13,11.06,5.29,10.01,10.17,6.92,14.56,6.1,0.0
60,US-DE,US,United States,Delaware,US-DE,2020-03-23,4.91,6.47,10.84,6.4,22.15,9.67,7.17,12.01,4.84,0.0
61,US-DE,US,United States,Delaware,US-DE,2020-03-30,8.43,5.72,9.41,7.9,14.82,6.7,4.37,13.62,6.62,0.0
62,US-DE,US,United States,Delaware,US-DE,2020-04-06,7.27,4.77,7.35,4.47,13.41,3.86,6.74,9.24,9.62,0.0
63,US-DE,US,United States,Delaware,US-DE,2020-04-13,7.61,4.21,5.76,7.17,11.52,6.13,6.72,6.87,7.46,0.0
64,US-DE,US,United States,Delaware,US-DE,2020-04-20,7.67,3.5,6.64,5.62,11.24,5.99,7.59,10.37,6.57,0.0
65,US-DE,US,United States,Delaware,US-DE,2020-04-27,5.8,4.98,7.07,5.5,12.49,4.98,7.88,7.66,8.11,0.0
66,US-DE,US,United States,Delaware,US-DE,2020-05-04,6.92,14.549456193353475,5.73,4.09,10.79,4.02,7.96,5.73,7.29,0.0
67,US-DE,US,United States,Delaware,US-DE,2020-05-11,6.74,3.94,6.43,5.98,6.36,4.09,7.27,6.13,5.75,0.0
68,US-DE,US,United States,Delaware,US-DE,2020-05-18,6.25,4.51,5.64,7.15,6.92,3.84,8.58,6.25,5.49,0.0
69,US-DE,US,United States,Delaware,US-DE,2020-05-25,4.77,14.549456193353475,5.93,5.23,4.23,4.23,8.47,6.85,4.85,0.0
70,US-DE,US,United States,Delaware,US-DE,2020-06-01,7.15,6.69,4.69,7.15,5.84,5.0,7.69,4.84,7.3,0.0
71,US-DE,US,United States,Delaware,US-DE,2020-06-08,6.01,3.47,5.08,5.55,8.4,4.47,7.63,4.93,7.86,0.0
72,US-DE,US,United States,Delaware,US-DE,2020-06-15,9.15,4.07,8.91,7.74,7.27,6.33,7.58,5.08,6.33,0.0
73,US-DE,US,United States,Delaware,US-DE,2020-06-22,5.95,6.1,5.63,4.69,6.81,3.68,9.62,6.65,7.59,0.0
74,US-DE,US,United States,Delaware,US-DE,2020-06-29,6.14,3.7,5.9,9.36,7.0,5.51,7.87,7.87,7.95,0.0
75,US-DE,US,United States,Delaware,US-DE,2020-07-06,7.45,4.99,5.99,7.45,8.06,5.6,5.45,5.99,7.06,0.0
76,US-DE,US,United States,Delaware,US-DE,2020-07-13,7.39,4.59,6.14,8.55,5.68,5.68,8.4,6.22,7.85,0.0
77,US-DE,US,United States,Delaware,US-DE,2020-07-20,6.38,4.12,5.37,6.92,5.37,4.82,9.8,6.22,7.31,0.0
78,US-DE,US,United States,Delaware,US-DE,2020-07-27,7.0,4.74,3.96,6.61,8.16,5.99,6.38,6.53,6.22,0.0
79,US-DE,US,United States,Delaware,US-DE,2020-08-03,4.54,5.01,4.93,9.24,5.95,6.11,7.36,5.95,8.46,0.0
80,US-DE,US,United States,Delaware,US-DE,2020-08-10,6.9,4.5,4.58,8.84,5.82,8.3,6.75,5.51,5.89,0.0
81,US-DE,US,United States,Delaware,US-DE,2020-08-17,7.12,4.82,3.48,10.12,5.06,5.3,7.67,6.17,5.69,0.0
82,US-DE,US,United States,Delaware,US-DE,2020-08-24,6.52,6.29,7.07,8.46,6.45,4.89,7.38,4.97,7.22,0.0
83,US-DE,US,United States,Delaware,US-DE,2020-08-31,6.24,4.0,5.55,8.7,5.55,3.39,8.63,5.85,8.09,0.0
84,US-DE,US,United States,Delaware,US-DE,2020-09-07,7.8,4.9,6.24,8.77,10.62,7.21,11.37,5.64,8.47,0.0
85,US-DE,US,United States,Delaware,US-DE,2020-09-14,6.29,4.59,7.99,7.47,12.05,5.92,8.58,7.25,7.99,0.0
86,US-DE,US,United States,Delaware,US-DE,2020-09-21,7.74,3.98,10.39,9.8,14.15,5.46,8.48,5.53,7.52,0.0
87,US-HI,US,United States,Hawaii,US-HI,2020-03-09,32.41,64.27,31.58,11.881746031746031,11.677821782178219,79.22,11.043774193548385,49.58,10.976394984326019,0.0
88,US-HI,US,United States,Hawaii,US-HI,2020-03-16,28.68,50.26,37.77,11.881746031746031,11.677821782178219,84.34,11.043774193548385,83.77,10.976394984326019,0.0
89,US-HI,US,United States,Hawaii,US-HI,2020-03-23,31.62,36.37,42.81,11.881746031746031,11.677821782178219,57.92,11.043774193548385,73.87,10.976394984326019,0.0
90,US-HI,US,United States,Hawaii,US-HI,2020-03-30,39.39,28.45,36.11,11.881746031746031,11.677821782178219,39.67,11.043774193548385,60.19,10.976394984326019,12.0
91,US-HI,US,United States,Hawaii,US-HI,2020-04-06,36.26,23.07,26.64,11.881746031746031,11.677821782178219,26.92,11.043774193548385,44.5,10.976394984326019,9.0
92,US-HI,US,United States,Hawaii,US-HI,2020-04-13,47.51,23.21,22.67,11.881746031746031,11.677821782178219,28.07,11.043774193548385,42.11,10.976394984326019,23.0
93,US-HI,US,United States,Hawaii,US-HI,2020-04-20,31.97,17.34,19.78,11.881746031746031,11.677821782178219,16.25,11.043774193548385,34.13,10.976394984326019,8.0
94,US-HI,US,United States,Hawaii,US-HI,2020-04-27,37.96,22.0,22.28,11.881746031746031,11.677821782178219,30.81,11.043774193548385,30.53,10.976394984326019,16.0
95,US-HI,US,United States,Hawaii,US-HI,2020-05-04,38.03,14.549456193353475,18.46,11.881746031746031,11.677821782178219,17.34,11.043774193548385,28.25,10.976394984326019,5.0
96,US-HI,US,United States,Hawaii,US-HI,2020-05-11,37.09,16.99,24.35,11.881746031746031,11.677821782178219,24.07,11.043774193548385,31.71,10.976394984326019,8.0
97,US-HI,US,United States,Hawaii,US-HI,2020-05-18,27.92,14.549456193353475,26.48,11.881746031746031,11.677821782178219,24.47,11.043774193548385,22.45,10.976394984326019,1.0
98,US-HI,US,United States,Hawaii,US-HI,2020-05-25,46.53,20.45,20.45,11.881746031746031,11.677821782178219,17.78,11.043774193548385,36.16,10.976394984326019,2.0
99,US-HI,US,United States,Hawaii,US-HI,2020-06-01,27.99,14.29,22.93,11.881746031746031,11.677821782178219,19.36,11.043774193548385,25.91,10.976394984326019,-1.0
100,US-HI,US,United States,Hawaii,US-HI,2020-06-08,34.94,13.62,26.35,11.881746031746031,11.677821782178219,21.91,11.043774193548385,29.31,10.976394984326019,1.0
101,US-HI,US,United States,Hawaii,US-HI,2020-06-15,37.62,15.82,26.57,11.881746031746031,11.677821782178219,13.73,11.043774193548385,29.56,10.976394984326019,7.0
102,US-HI,US,United States,Hawaii,US-HI,2020-06-22,30.68,19.55,16.24,11.881746031746031,11.677821782178219,22.86,11.043774193548385,34.89,10.976394984326019,6.0
103,US-HI,US,United States,Hawaii,US-HI,2020-06-29,26.87,20.46,14.96,11.881746031746031,11.677821782178219,24.73,11.043774193548385,31.45,10.976394984326019,14.0
104,US-HI,US,United States,Hawaii,US-HI,2020-07-06,22.45,21.55,22.45,11.881746031746031,11.677821782178219,28.74,11.043774193548385,35.62,10.976394984326019,7.0
105,US-HI,US,United States,Hawaii,US-HI,2020-07-13,36.8,22.73,24.83,11.881746031746031,11.677821782178219,25.13,11.043774193548385,37.09,10.976394984326019,7.0
106,US-HI,US,United States,Hawaii,US-HI,2020-07-20,30.39,24.78,18.29,11.881746031746031,11.677821782178219,19.18,11.043774193548385,41.01,10.976394984326019,25.0
107,US-HI,US,United States,Hawaii,US-HI,2020-07-27,28.5,25.8,28.5,11.881746031746031,11.677821782178219,16.5,11.043774193548385,33.0,10.976394984326019,13.0
108,US-HI,US,United States,Hawaii,US-HI,2020-08-03,40.95,32.11,15.91,11.881746031746031,11.677821782178219,35.06,11.043774193548385,34.47,10.976394984326019,36.0
109,US-HI,US,United States,Hawaii,US-HI,2020-08-10,29.11,16.3,21.83,11.881746031746031,11.677821782178219,23.58,11.043774193548385,29.69,10.976394984326019,40.0
110,US-HI,US,United States,Hawaii,US-HI,2020-08-17,36.2,17.4,22.73,11.881746031746031,11.677821782178219,19.36,11.043774193548385,36.2,10.976394984326019,44.0
111,US-HI,US,United States,Hawaii,US-HI,2020-08-24,29.67,27.25,22.39,11.881746031746031,11.677821782178219,17.53,11.043774193548385,20.5,10.976394984326019,113.0
112,US-HI,US,United States,Hawaii,US-HI,2020-08-31,33.4,23.35,28.79,11.881746031746031,11.677821782178219,23.62,11.043774193548385,39.92,10.976394984326019,109.0
113,US-HI,US,United States,Hawaii,US-HI,2020-09-07,31.86,16.07,31.59,11.881746031746031,11.677821782178219,14.16,11.043774193548385,28.05,10.976394984326019,92.0
114,US-HI,US,United States,Hawaii,US-HI,2020-09-14,30.14,23.35,22.54,11.881746031746031,11.677821782178219,21.99,11.043774193548385,33.13,10.976394984326019,39.0
115,US-HI,US,United States,Hawaii,US-HI,2020-09-21,34.62,22.36,25.63,11.881746031746031,11.677821782178219,28.08,11.043774193548385,36.26,10.976394984326019,94.0
116,US-ID,US,United States,Idaho,US-ID,2020-03-09,12.470622950819674,42.41,11.489546925566342,11.881746031746031,11.677821782178219,11.726466666666667,11.043774193548385,12.905856697819313,10.976394984326019,0.0
117,US-ID,US,United States,Idaho,US-ID,2020-03-16,12.470622950819674,35.39,11.489546925566342,11.881746031746031,11.677821782178219,11.726466666666667,11.043774193548385,12.905856697819313,10.976394984326019,0.0
118,US-ID,US,United States,Idaho,US-ID,2020-03-23,12.470622950819674,24.71,11.489546925566342,11.881746031746031,11.677821782178219,11.726466666666667,11.043774193548385,12.905856697819313,10.976394984326019,0.0
119,US-ID,US,United States,Idaho,US-ID,2020-03-30,12.470622950819674,18.95,11.489546925566342,11.881746031746031,11.677821782178219,11.726466666666667,11.043774193548385,12.905856697819313,10.976394984326019,39.0
120,US-ID,US,United States,Idaho,US-ID,2020-04-06,12.470622950819674,17.13,11.489546925566342,11.881746031746031,11.677821782178219,11.726466666666667,11.043774193548385,12.905856697819313,10.976394984326019,38.0
121,US-ID,US,United States,Idaho,US-ID,2020-04-13,12.470622950819674,16.04,11.489546925566342,11.881746031746031,11.677821782178219,11.726466666666667,11.043774193548385,12.905856697819313,10.976394984326019,55.0
122,US-ID,US,United States,Idaho,US-ID,2020-04-20,12.470622950819674,16.7,11.489546925566342,11.881746031746031,11.677821782178219,11.726466666666667,11.043774193548385,12.905856697819313,10.976394984326019,19.0
123,US-ID,US,United States,Idaho,US-ID,2020-04-27,12.470622950819674,12.8,11.489546925566342,11.881746031746031,11.677821782178219,11.726466666666667,11.043774193548385,12.905856697819313,10.976394984326019,18.0
124,US-ID,US,United States,Idaho,US-ID,2020-05-04,12.470622950819674,14.23,11.489546925566342,11.881746031746031,11.677821782178219,11.726466666666667,11.043774193548385,12.905856697819313,10.976394984326019,31.0
125,US-ID,US,United States,Idaho,US-ID,2020-05-11,12.470622950819674,12.54,11.489546925566342,11.881746031746031,11.677821782178219,11.726466666666667,11.043774193548385,12.905856697819313,10.976394984326019,7.0
126,US-ID,US,United States,Idaho,US-ID,2020-05-18,12.470622950819674,15.66,11.489546925566342,11.881746031746031,11.677821782178219,11.726466666666667,11.043774193548385,12.905856697819313,10.976394984326019,6.0
127,US-ID,US,United States,Idaho,US-ID,2020-05-25,12.470622950819674,15.32,11.489546925566342,11.881746031746031,11.677821782178219,11.726466666666667,11.043774193548385,12.905856697819313,10.976394984326019,12.0
128,US-ID,US,United States,Idaho,US-ID,2020-06-01,12.470622950819674,14.34,11.489546925566342,11.881746031746031,11.677821782178219,11.726466666666667,11.043774193548385,12.905856697819313,10.976394984326019,17.0
129,US-ID,US,United States,Idaho,US-ID,2020-06-08,12.470622950819674,14.549456193353475,11.489546925566342,11.881746031746031,11.677821782178219,11.726466666666667,11.043774193548385,12.905856697819313,10.976394984326019,18.0
130,US-ID,US,United States,Idaho,US-ID,2020-06-15,12.470622950819674,13.52,11.489546925566342,11.881746031746031,11.677821782178219,11.726466666666667,11.043774193548385,12.905856697819313,10.976394984326019,6.0
131,US-ID,US,United States,Idaho,US-ID,2020-06-22,12.470622950819674,22.95,11.489546925566342,11.881746031746031,11.677821782178219,11.726466666666667,11.043774193548385,12.905856697819313,10.976394984326019,17.0
132,US-ID,US,United States,Idaho,US-ID,2020-06-29,12.470622950819674,18.34,11.489546925566342,11.881746031746031,11.677821782178219,11.726466666666667,11.043774193548385,12.905856697819313,10.976394984326019,29.0
133,US-ID,US,United States,Idaho,US-ID,2020-07-06,12.470622950819674,18.29,11.489546925566342,11.881746031746031,11.677821782178219,11.726466666666667,11.043774193548385,12.905856697819313,10.976394984326019,57.0
134,US-ID,US,United States,Idaho,US-ID,2020-07-13,12.470622950819674,13.77,11.489546925566342,11.881746031746031,11.677821782178219,11.726466666666667,11.043774193548385,12.905856697819313,10.976394984326019,108.0
135,US-ID,US,United States,Idaho,US-ID,2020-07-20,12.470622950819674,19.13,11.489546925566342,11.881746031746031,11.677821782178219,11.726466666666667,11.043774193548385,12.905856697819313,10.976394984326019,123.0
136,US-ID,US,United States,Idaho,US-ID,2020-07-27,12.470622950819674,18.91,11.489546925566342,11.881746031746031,11.677821782178219,11.726466666666667,11.043774193548385,12.905856697819313,10.976394984326019,141.0
137,US-ID,US,United States,Idaho,US-ID,2020-08-03,12.470622950819674,21.68,11.489546925566342,11.881746031746031,11.677821782178219,11.726466666666667,11.043774193548385,12.905856697819313,10.976394984326019,133.0
138,US-ID,US,United States,Idaho,US-ID,2020-08-10,12.470622950819674,14.0,11.489546925566342,11.881746031746031,11.677821782178219,11.726466666666667,11.043774193548385,12.905856697819313,10.976394984326019,125.0
139,US-ID,US,United States,Idaho,US-ID,2020-08-17,12.470622950819674,14.84,11.489546925566342,11.881746031746031,11.677821782178219,11.726466666666667,11.043774193548385,12.905856697819313,10.976394984326019,111.0
140,US-ID,US,United States,Idaho,US-ID,2020-08-24,12.470622950819674,14.79,11.489546925566342,11.881746031746031,11.677821782178219,11.726466666666667,11.043774193548385,12.905856697819313,10.976394984326019,146.0
141,US-ID,US,United States,Idaho,US-ID,2020-08-31,12.470622950819674,19.18,11.489546925566342,11.881746031746031,11.677821782178219,11.726466666666667,11.043774193548385,12.905856697819313,10.976394984326019,113.0
142,US-ID,US,United States,Idaho,US-ID,2020-09-07,12.470622950819674,18.24,11.489546925566342,11.881746031746031,11.677821782178219,11.726466666666667,11.043774193548385,12.905856697819313,10.976394984326019,97.0
143,US-ID,US,United States,Idaho,US-ID,2020-09-14,12.470622950819674,13.7,11.489546925566342,11.881746031746031,11.677821782178219,11.726466666666667,11.043774193548385,12.905856697819313,10.976394984326019,138.0
144,US-ID,US,United States,Idaho,US-ID,2020-09-21,12.470622950819674,15.97,11.489546925566342,11.881746031746031,11.677821782178219,11.726466666666667,11.043774193548385,12.905856697819313,10.976394984326019,114.0
145,US-ME,US,United States,Maine,US-ME,2020-03-09,12.78,24.01,23.85,24.16,15.59,41.62,18.71,26.34,20.58,0.0
146,US-ME,US,United States,Maine,US-ME,2020-03-16,15.25,25.47,26.08,23.64,19.37,36.91,12.66,34.47,13.73,0.0
147,US-ME,US,United States,Maine,US-ME,2020-03-23,14.03,18.27,35.22,20.9,45.16,27.18,17.1,29.81,18.7,0.0
148,US-ME,US,United States,Maine,US-ME,2020-03-30,11.92,12.49,23.98,15.47,20.86,18.73,14.19,30.79,14.05,49.0
149,US-ME,US,United States,Maine,US-ME,2020-04-06,13.76,13.17,21.51,13.03,21.51,19.76,18.0,25.17,15.07,43.0
150,US-ME,US,United States,Maine,US-ME,2020-04-13,19.78,13.81,16.94,16.94,20.78,12.24,15.23,21.63,15.66,32.0
151,US-ME,US,United States,Maine,US-ME,2020-04-20,18.08,9.99,20.29,18.23,19.84,17.05,18.82,20.29,10.88,14.0
152,US-ME,US,United States,Maine,US-ME,2020-04-27,16.65,8.18,16.51,18.23,19.67,13.49,16.8,14.21,15.36,23.0
153,US-ME,US,United States,Maine,US-ME,2020-05-04,17.89,13.85,23.08,19.33,22.22,15.15,19.04,17.89,14.28,25.0
154,US-ME,US,United States,Maine,US-ME,2020-05-11,17.78,12.05,12.05,18.22,14.26,8.82,19.4,17.34,8.96,14.0
155,US-ME,US,United States,Maine,US-ME,2020-05-18,15.82,6.84,12.62,20.53,13.54,8.82,17.95,14.6,14.3,23.0
156,US-ME,US,United States,Maine,US-ME,2020-05-25,14.24,11.4,9.75,20.69,17.84,6.6,18.44,13.95,14.99,34.0
157,US-ME,US,United States,Maine,US-ME,2020-06-01,15.12,9.93,10.08,20.31,13.64,12.75,17.64,12.9,13.94,27.0
158,US-ME,US,United States,Maine,US-ME,2020-06-08,13.55,9.49,15.36,26.05,13.1,10.84,17.77,12.8,27.41,17.0
159,US-ME,US,United States,Maine,US-ME,2020-06-15,14.3,9.38,13.22,25.52,13.99,14.61,21.83,13.22,26.6,16.0
160,US-ME,US,United States,Maine,US-ME,2020-06-22,6.58,7.32,15.69,11.51,8.37,12.85,19.88,15.54,24.21,19.0
161,US-ME,US,United States,Maine,US-ME,2020-06-29,17.2,12.79,11.03,26.76,13.53,10.0,18.08,13.82,18.38,11.0
162,US-ME,US,United States,Maine,US-ME,2020-07-06,19.84,10.21,14.23,22.43,13.66,17.97,18.12,16.68,17.97,12.0
163,US-ME,US,United States,Maine,US-ME,2020-07-13,16.05,13.45,10.85,27.19,15.04,12.15,19.23,15.04,18.37,13.0
164,US-ME,US,United States,Maine,US-ME,2020-07-20,20.58,13.62,12.17,31.01,15.65,15.51,22.03,16.52,17.68,3.0
165,US-ME,US,United States,Maine,US-ME,2020-07-27,23.29,16.15,12.43,31.43,12.57,13.86,12.43,15.57,15.86,8.0
166,US-ME,US,United States,Maine,US-ME,2020-08-03,9.86,11.57,9.29,30.57,13.14,14.0,20.0,15.0,17.57,6.0
167,US-ME,US,United States,Maine,US-ME,2020-08-10,19.09,7.55,16.67,31.63,16.1,13.53,22.08,15.53,11.11,4.0
168,US-ME,US,United States,Maine,US-ME,2020-08-17,19.85,13.14,12.85,24.99,13.14,16.99,19.42,15.42,12.99,6.0
169,US-ME,US,United States,Maine,US-ME,2020-08-24,22.17,9.26,14.6,27.09,15.44,15.86,20.21,14.74,14.31,10.0
170,US-ME,US,United States,Maine,US-ME,2020-08-31,20.0,8.79,14.61,23.69,14.18,12.91,15.32,12.77,19.71,11.0
171,US-ME,US,United States,Maine,US-ME,2020-09-07,20.93,7.95,19.25,28.32,20.93,12.97,20.23,12.84,21.9,7.0
172,US-ME,US,United States,Maine,US-ME,2020-09-14,24.98,9.16,19.84,18.59,33.44,19.7,21.65,16.51,18.73,4.0
173,US-ME,US,United States,Maine,US-ME,2020-09-21,20.27,11.66,16.66,30.68,27.91,12.08,19.16,13.75,17.36,9.0
174,US-MT,US,United States,Montana,US-MT,2020-03-09,8.68,13.99,12.9,12.06,10.25,20.62,9.89,11.82,8.56,0.0
175,US-MT,US,United States,Montana,US-MT,2020-03-16,6.74,13.23,13.61,8.49,10.11,20.47,11.043774193548385,18.85,10.976394984326019,0.0
176,US-MT,US,United States,Montana,US-MT,2020-03-23,12.470622950819674,8.71,16.83,8.82,26.59,12.77,6.62,15.67,6.85,0.0
177,US-MT,US,United States,Montana,US-MT,2020-03-30,6.89,5.87,12.2,8.13,10.95,9.71,7.34,12.08,8.13,10.0
178,US-MT,US,United States,Montana,US-MT,2020-04-06,7.21,5.82,9.65,8.49,9.89,11.52,7.33,7.79,6.75,14.0
179,US-MT,US,United States,Montana,US-MT,2020-04-13,5.08,5.64,8.46,10.94,13.2,8.91,10.6,6.77,7.9,23.0
180,US-MT,US,United States,Montana,US-MT,2020-04-20,8.76,14.549456193353475,7.59,8.53,9.93,8.29,8.88,8.06,9.7,10.0
181,US-MT,US,United States,Montana,US-MT,2020-04-27,8.55,5.11,8.55,7.37,8.67,6.54,10.46,6.77,5.94,4.0
182,US-MT,US,United States,Montana,US-MT,2020-05-04,12.470622950819674,5.88,7.67,12.95,8.75,7.55,8.87,7.07,9.11,1.0
183,US-MT,US,United States,Montana,US-MT,2020-05-11,5.74,14.549456193353475,7.65,8.49,7.17,5.38,10.04,12.905856697819313,12.43,0.0
184,US-MT,US,United States,Montana,US-MT,2020-05-18,7.47,14.549456193353475,7.35,10.91,7.6,5.64,10.78,6.25,6.74,2.0
185,US-MT,US,United States,Montana,US-MT,2020-05-25,9.43,14.549456193353475,6.88,12.74,8.79,5.35,8.92,7.64,10.06,1.0
186,US-MT,US,United States,Montana,US-MT,2020-06-01,5.72,14.549456193353475,7.09,9.7,9.08,7.71,8.09,12.905856697819313,8.09,2.0
187,US-MT,US,United States,Montana,US-MT,2020-06-08,7.47,8.34,11.489546925566342,10.7,12.44,5.72,8.96,12.905856697819313,9.33,2.0
188,US-MT,US,United States,Montana,US-MT,2020-06-15,7.62,14.549456193353475,6.49,9.24,11.677821782178219,5.99,9.99,12.905856697819313,10.24,9.0
189,US-MT,US,United States,Montana,US-MT,2020-06-22,8.49,14.549456193353475,5.87,11.23,7.36,5.24,11.043774193548385,7.49,9.36,12.0
190,US-MT,US,United States,Montana,US-MT,2020-06-29,6.72,5.96,6.72,10.01,7.73,7.6,8.74,5.96,9.25,10.0
191,US-MT,US,United States,Montana,US-MT,2020-07-06,10.77,5.44,7.14,12.1,7.26,7.62,7.99,5.69,10.04,12.0
192,US-MT,US,United States,Montana,US-MT,2020-07-13,7.0,14.549456193353475,7.0,8.45,5.43,9.66,9.42,9.9,8.09,21.0
193,US-MT,US,United States,Montana,US-MT,2020-07-20,8.74,6.07,5.82,11.04,8.25,11.726466666666667,7.89,7.89,8.86,34.0
194,US-MT,US,United States,Montana,US-MT,2020-07-27,7.5,7.74,5.69,12.1,6.66,7.02,11.13,6.9,7.02,34.0
195,US-MT,US,United States,Montana,US-MT,2020-08-03,7.84,14.549456193353475,4.95,10.13,5.31,7.12,8.32,6.39,6.63,35.0
196,US-MT,US,United States,Montana,US-MT,2020-08-10,7.71,14.549456193353475,5.54,14.95,6.75,7.11,10.85,6.99,7.71,37.0
197,US-MT,US,United States,Montana,US-MT,2020-08-17,9.39,5.75,11.489546925566342,11.85,4.81,5.98,8.21,6.1,5.75,57.0
198,US-MT,US,United States,Montana,US-MT,2020-08-24,5.76,5.53,7.03,11.41,6.11,6.22,10.02,4.84,10.95,53.0
199,US-MT,US,United States,Montana,US-MT,2020-08-31,7.88,8.68,5.02,10.85,11.3,4.79,8.11,4.79,9.71,53.0
200,US-MT,US,United States,Montana,US-MT,2020-09-07,8.35,6.77,11.96,12.18,11.5,7.33,8.68,4.96,8.91,62.0
201,US-MT,US,United States,Montana,US-MT,2020-09-14,7.68,7.9,8.67,9.77,11.74,7.02,7.46,4.39,10.21,33.0
202,US-MT,US,United States,Montana,US-MT,2020-09-21,9.4,8.06,10.85,11.41,12.42,4.92,12.08,5.82,12.31,45.0
203,US-ND,US,United States,North Dakota,US-ND,2020-03-09,12.470622950819674,7.56,7.93,5.95,6.42,14.45,6.42,3.78,5.76,0.0
204,US-ND,US,United States,North Dakota,US-ND,2020-03-16,4.38,4.38,9.24,6.13,9.54,12.84,7.49,10.9,6.62,0.0
205,US-ND,US,United States,North Dakota,US-ND,2020-03-23,4.8,5.91,11.17,6.0,18.37,10.52,6.74,11.26,4.52,4.0
206,US-ND,US,United States,North Dakota,US-ND,2020-03-30,12.470622950819674,3.7,9.86,3.96,11.18,7.48,4.4,9.6,5.9,15.0
207,US-ND,US,United States,North Dakota,US-ND,2020-04-06,3.98,14.549456193353475,7.42,11.881746031746031,9.6,11.726466666666667,3.71,6.25,7.7,13.0
208,US-ND,US,United States,North Dakota,US-ND,2020-04-13,3.91,14.549456193353475,6.31,5.96,10.14,11.726466666666667,4.62,6.31,4.36,8.0
209,US-ND,US,United States,North Dakota,US-ND,2020-04-20,12.470622950819674,3.94,8.42,11.881746031746031,7.6,11.726466666666667,5.22,7.23,6.32,13.0
210,US-ND,US,United States,North Dakota,US-ND,2020-04-27,4.5,14.549456193353475,4.69,5.81,7.12,11.726466666666667,6.94,12.905856697819313,5.62,24.0
211,US-ND,US,United States,North Dakota,US-ND,2020-05-04,12.470622950819674,14.549456193353475,4.43,11.881746031746031,9.59,11.726466666666667,5.44,5.81,4.52,17.0
212,US-ND,US,United States,North Dakota,US-ND,2020-05-11,12.470622950819674,14.549456193353475,5.34,4.29,6.58,6.39,6.68,5.82,4.96,21.0
213,US-ND,US,United States,North Dakota,US-ND,2020-05-18,4.89,14.549456193353475,4.48,5.81,4.28,4.89,6.11,5.2,10.976394984326019,18.0
214,US-ND,US,United States,North Dakota,US-ND,2020-05-25,4.2,14.549456193353475,6.62,4.62,11.677821782178219,11.726466666666667,6.2,12.905856697819313,4.2,21.0
215,US-ND,US,United States,North Dakota,US-ND,2020-06-01,5.56,14.549456193353475,5.66,11.881746031746031,11.677821782178219,11.726466666666667,6.49,5.05,7.62,15.0
216,US-ND,US,United States,North Dakota,US-ND,2020-06-08,5.1,14.549456193353475,6.02,5.81,4.28,5.3,4.79,7.75,7.65,15.0
217,US-ND,US,United States,North Dakota,US-ND,2020-06-15,5.21,14.549456193353475,6.98,5.21,11.677821782178219,4.48,4.69,5.62,4.27,13.0
218,US-ND,US,United States,North Dakota,US-ND,2020-06-22,4.72,14.549456193353475,11.489546925566342,11.881746031746031,5.76,4.3,4.61,12.905856697819313,7.23,21.0
219,US-ND,US,United States,North Dakota,US-ND,2020-06-29,12.470622950819674,14.549456193353475,11.489546925566342,11.881746031746031,11.677821782178219,11.726466666666667,11.043774193548385,12.905856697819313,6.19,9.0
220,US-ND,US,United States,North Dakota,US-ND,2020-07-06,4.17,14.549456193353475,11.489546925566342,4.91,11.677821782178219,4.7,6.26,7.62,4.8,18.0
221,US-ND,US,United States,North Dakota,US-ND,2020-07-13,5.37,4.13,11.489546925566342,4.13,5.99,5.68,5.37,4.75,5.37,32.0
222,US-ND,US,United States,North Dakota,US-ND,2020-07-20,12.470622950819674,14.549456193353475,5.09,5.82,5.82,5.09,5.71,12.905856697819313,6.23,28.0
223,US-ND,US,United States,North Dakota,US-ND,2020-07-27,5.78,14.549456193353475,4.62,8.3,11.677821782178219,5.25,5.46,4.83,4.83,32.0
224,US-ND,US,United States,North Dakota,US-ND,2020-08-03,5.59,14.549456193353475,6.93,5.9,4.24,11.726466666666667,6.31,4.66,5.59,42.0
225,US-ND,US,United States,North Dakota,US-ND,2020-08-10,12.470622950819674,14.549456193353475,6.08,8.55,5.15,5.46,6.38,5.15,5.46,38.0
226,US-ND,US,United States,North Dakota,US-ND,2020-08-17,4.53,14.549456193353475,4.03,5.63,11.677821782178219,5.23,5.74,5.03,4.53,44.0
227,US-ND,US,United States,North Dakota,US-ND,2020-08-24,12.470622950819674,14.549456193353475,4.93,7.58,4.55,4.74,5.97,5.21,4.46,44.0
228,US-ND,US,United States,North Dakota,US-ND,2020-08-31,5.39,14.549456193353475,7.28,5.2,8.8,11.726466666666667,5.49,4.16,6.15,49.0
229,US-ND,US,United States,North Dakota,US-ND,2020-09-07,5.18,14.549456193353475,6.94,7.68,10.45,7.86,10.73,4.44,6.01,48.0
230,US-ND,US,United States,North Dakota,US-ND,2020-09-14,12.470622950819674,14.549456193353475,8.94,7.95,8.94,4.06,5.51,4.52,10.66,44.0
231,US-ND,US,United States,North Dakota,US-ND,2020-09-21,5.6,4.07,6.6,5.96,8.77,4.88,6.42,6.42,7.95,84.0
232,US-NE,US,United States,Nebraska,US-NE,2020-03-09,12.470622950819674,86.85,11.489546925566342,11.881746031746031,11.677821782178219,11.726466666666667,11.043774193548385,12.905856697819313,10.976394984326019,0.0
233,US-NE,US,United States,Nebraska,US-NE,2020-03-16,12.470622950819674,68.29,11.489546925566342,11.881746031746031,11.677821782178219,11.726466666666667,11.043774193548385,12.905856697819313,10.976394984326019,0.0
234,US-NE,US,United States,Nebraska,US-NE,2020-03-23,12.470622950819674,40.36,11.489546925566342,11.881746031746031,11.677821782178219,11.726466666666667,11.043774193548385,12.905856697819313,10.976394984326019,0.0
235,US-NE,US,United States,Nebraska,US-NE,2020-03-30,12.470622950819674,47.43,11.489546925566342,11.881746031746031,11.677821782178219,11.726466666666667,11.043774193548385,12.905856697819313,10.976394984326019,0.0
236,US-NE,US,United States,Nebraska,US-NE,2020-04-06,12.470622950819674,29.94,11.489546925566342,11.881746031746031,11.677821782178219,11.726466666666667,11.043774193548385,12.905856697819313,10.976394984326019,0.0
237,US-NE,US,United States,Nebraska,US-NE,2020-04-13,12.470622950819674,29.16,11.489546925566342,11.881746031746031,11.677821782178219,11.726466666666667,11.043774193548385,12.905856697819313,10.976394984326019,0.0
238,US-NE,US,United States,Nebraska,US-NE,2020-04-20,12.470622950819674,33.62,11.489546925566342,11.881746031746031,11.677821782178219,11.726466666666667,11.043774193548385,12.905856697819313,10.976394984326019,0.0
239,US-NE,US,United States,Nebraska,US-NE,2020-04-27,12.470622950819674,33.43,11.489546925566342,11.881746031746031,11.677821782178219,11.726466666666667,11.043774193548385,12.905856697819313,10.976394984326019,0.0
240,US-NE,US,United States,Nebraska,US-NE,2020-05-04,12.470622950819674,36.5,11.489546925566342,11.881746031746031,11.677821782178219,11.726466666666667,11.043774193548385,12.905856697819313,10.976394984326019,0.0
241,US-NE,US,United States,Nebraska,US-NE,2020-05-11,12.470622950819674,24.28,11.489546925566342,11.881746031746031,11.677821782178219,11.726466666666667,11.043774193548385,12.905856697819313,10.976394984326019,0.0
242,US-NE,US,United States,Nebraska,US-NE,2020-05-18,12.470622950819674,32.63,11.489546925566342,11.881746031746031,11.677821782178219,11.726466666666667,11.043774193548385,12.905856697819313,10.976394984326019,0.0
243,US-NE,US,United States,Nebraska,US-NE,2020-05-25,12.470622950819674,27.43,11.489546925566342,11.881746031746031,11.677821782178219,11.726466666666667,11.043774193548385,12.905856697819313,10.976394984326019,0.0
244,US-NE,US,United States,Nebraska,US-NE,2020-06-01,12.470622950819674,40.49,11.489546925566342,11.881746031746031,11.677821782178219,11.726466666666667,11.043774193548385,12.905856697819313,10.976394984326019,0.0
245,US-NE,US,United States,Nebraska,US-NE,2020-06-08,12.470622950819674,35.03,11.489546925566342,11.881746031746031,11.677821782178219,11.726466666666667,11.043774193548385,12.905856697819313,10.976394984326019,935.0
246,US-NE,US,United States,Nebraska,US-NE,2020-06-15,12.470622950819674,33.36,11.489546925566342,11.881746031746031,11.677821782178219,11.726466666666667,11.043774193548385,12.905856697819313,10.976394984326019,140.0
247,US-NE,US,United States,Nebraska,US-NE,2020-06-22,12.470622950819674,35.72,11.489546925566342,11.881746031746031,11.677821782178219,11.726466666666667,11.043774193548385,12.905856697819313,10.976394984326019,137.0
248,US-NE,US,United States,Nebraska,US-NE,2020-06-29,12.470622950819674,37.95,11.489546925566342,11.881746031746031,11.677821782178219,11.726466666666667,11.043774193548385,12.905856697819313,10.976394984326019,104.0
249,US-NE,US,United States,Nebraska,US-NE,2020-07-06,12.470622950819674,38.13,11.489546925566342,11.881746031746031,11.677821782178219,11.726466666666667,11.043774193548385,12.905856697819313,10.976394984326019,53.0
250,US-NE,US,United States,Nebraska,US-NE,2020-07-13,12.470622950819674,43.16,11.489546925566342,11.881746031746031,11.677821782178219,11.726466666666667,11.043774193548385,12.905856697819313,10.976394984326019,52.0
251,US-NE,US,United States,Nebraska,US-NE,2020-07-20,12.470622950819674,39.27,11.489546925566342,11.881746031746031,11.677821782178219,11.726466666666667,11.043774193548385,12.905856697819313,10.976394984326019,61.0
252,US-NE,US,United States,Nebraska,US-NE,2020-07-27,12.470622950819674,46.36,11.489546925566342,11.881746031746031,11.677821782178219,11.726466666666667,11.043774193548385,12.905856697819313,10.976394984326019,88.0
253,US-NE,US,United States,Nebraska,US-NE,2020-08-03,12.470622950819674,40.07,11.489546925566342,11.881746031746031,11.677821782178219,11.726466666666667,11.043774193548385,12.905856697819313,10.976394984326019,60.0
254,US-NE,US,United States,Nebraska,US-NE,2020-08-10,12.470622950819674,35.84,11.489546925566342,11.881746031746031,11.677821782178219,11.726466666666667,11.043774193548385,12.905856697819313,10.976394984326019,92.0
255,US-NE,US,United States,Nebraska,US-NE,2020-08-17,12.470622950819674,30.66,11.489546925566342,11.881746031746031,11.677821782178219,11.726466666666667,11.043774193548385,12.905856697819313,10.976394984326019,161.0
256,US-NE,US,United States,Nebraska,US-NE,2020-08-24,12.470622950819674,39.98,11.489546925566342,11.881746031746031,11.677821782178219,11.726466666666667,11.043774193548385,12.905856697819313,10.976394984326019,27.0
257,US-NE,US,United States,Nebraska,US-NE,2020-08-31,12.470622950819674,41.52,11.489546925566342,11.881746031746031,11.677821782178219,11.726466666666667,11.043774193548385,12.905856697819313,10.976394984326019,84.0
258,US-NE,US,United States,Nebraska,US-NE,2020-09-07,12.470622950819674,33.18,11.489546925566342,11.881746031746031,11.677821782178219,11.726466666666667,11.043774193548385,12.905856697819313,10.976394984326019,74.0
259,US-NE,US,United States,Nebraska,US-NE,2020-09-14,12.470622950819674,42.21,11.489546925566342,11.881746031746031,11.677821782178219,11.726466666666667,11.043774193548385,12.905856697819313,10.976394984326019,71.0
260,US-NE,US,United States,Nebraska,US-NE,2020-09-21,12.470622950819674,43.88,11.489546925566342,11.881746031746031,11.677821782178219,11.726466666666667,11.043774193548385,12.905856697819313,10.976394984326019,55.0
261,US-NH,US,United States,New Hampshire,US-NH,2020-03-09,14.52,26.71,24.24,25.88,20.0,40.54,15.34,25.47,18.9,0.0
262,US-NH,US,United States,New Hampshire,US-NH,2020-03-16,17.2,13.65,26.39,19.82,9.19,30.98,14.96,40.96,12.47,0.0
263,US-NH,US,United States,New Hampshire,US-NH,2020-03-23,17.58,11.76,24.64,20.68,41.1,22.66,13.74,34.67,18.82,0.0
264,US-NH,US,United States,New Hampshire,US-NH,2020-03-30,11.94,11.58,22.18,15.84,21.08,17.67,13.77,30.22,9.99,45.0
265,US-NH,US,United States,New Hampshire,US-NH,2020-04-06,17.4,14.549456193353475,22.22,18.27,16.05,14.07,17.9,21.85,16.42,47.0
266,US-NH,US,United States,New Hampshire,US-NH,2020-04-13,16.07,8.94,16.8,15.23,20.3,13.42,16.07,19.46,17.65,60.0
267,US-NH,US,United States,New Hampshire,US-NH,2020-04-20,20.42,9.72,14.46,20.42,18.48,12.15,19.08,19.33,14.22,46.0
268,US-NH,US,United States,New Hampshire,US-NH,2020-04-27,17.37,6.37,15.99,11.87,23.24,10.5,20.24,15.74,15.99,44.0
269,US-NH,US,United States,New Hampshire,US-NH,2020-05-04,17.95,10.45,12.05,20.16,20.9,10.94,19.67,16.84,14.26,44.0
270,US-NH,US,United States,New Hampshire,US-NH,2020-05-11,12.88,9.63,11.25,21.13,10.88,9.88,16.25,13.38,17.63,32.0
271,US-NH,US,United States,New Hampshire,US-NH,2020-05-18,15.4,14.549456193353475,15.14,15.01,11.26,11.26,19.28,19.66,19.54,41.0
272,US-NH,US,United States,New Hampshire,US-NH,2020-05-25,15.3,10.16,11.96,17.61,12.09,8.74,17.36,9.77,15.04,60.0
273,US-NH,US,United States,New Hampshire,US-NH,2020-06-01,16.57,7.96,9.51,17.6,12.72,12.33,18.88,10.4,17.34,32.0
274,US-NH,US,United States,New Hampshire,US-NH,2020-06-08,16.02,9.06,9.72,25.87,15.23,10.51,16.68,13.27,16.15,38.0
275,US-NH,US,United States,New Hampshire,US-NH,2020-06-15,13.08,11.86,14.29,22.51,14.42,8.09,17.93,11.59,14.56,30.0
276,US-NH,US,United States,New Hampshire,US-NH,2020-06-22,18.9,7.93,13.62,18.77,9.12,11.726466666666667,24.72,14.67,14.94,34.0
277,US-NH,US,United States,New Hampshire,US-NH,2020-06-29,14.08,8.98,8.98,20.65,11.53,11.0,18.91,11.94,16.63,12.0
278,US-NH,US,United States,New Hampshire,US-NH,2020-07-06,16.58,10.57,13.97,19.19,14.88,11.75,19.19,13.32,13.71,5.0
279,US-NH,US,United States,New Hampshire,US-NH,2020-07-13,19.18,7.27,13.22,24.33,14.15,11.64,20.36,19.7,14.81,19.0
280,US-NH,US,United States,New Hampshire,US-NH,2020-07-20,14.35,12.09,11.83,28.04,14.88,13.29,19.8,14.09,18.87,84.0
281,US-NH,US,United States,New Hampshire,US-NH,2020-07-27,16.41,12.84,12.04,29.25,10.85,15.35,15.62,14.56,18.26,15.0
282,US-NH,US,United States,New Hampshire,US-NH,2020-08-03,17.94,7.44,9.7,28.83,12.89,11.56,19.8,16.08,18.2,8.0
283,US-NH,US,United States,New Hampshire,US-NH,2020-08-10,16.13,10.84,11.37,28.43,9.52,15.61,18.78,13.36,17.59,8.0
284,US-NH,US,United States,New Hampshire,US-NH,2020-08-17,20.66,10.46,11.26,26.36,8.87,15.1,19.87,15.36,18.81,5.0
285,US-NH,US,United States,New Hampshire,US-NH,2020-08-24,16.74,9.86,14.14,29.58,8.56,12.58,17.77,14.14,18.29,3.0
286,US-NH,US,United States,New Hampshire,US-NH,2020-08-31,15.93,15.41,12.54,21.8,18.8,13.06,15.67,14.62,16.58,2.0
287,US-NH,US,United States,New Hampshire,US-NH,2020-09-07,16.35,10.14,12.42,23.2,19.39,13.31,19.01,13.18,23.58,4.0
288,US-NH,US,United States,New Hampshire,US-NH,2020-09-14,19.53,9.45,18.65,23.94,31.88,13.86,17.77,17.51,21.55,3.0
289,US-NH,US,United States,New Hampshire,US-NH,2020-09-21,15.22,13.46,16.98,27.43,22.27,16.86,23.4,12.33,22.39,5.0
290,US-NM,US,United States,New Mexico,US-NM,2020-03-09,12.470622950819674,48.52,11.489546925566342,11.881746031746031,11.677821782178219,11.726466666666667,11.043774193548385,12.905856697819313,10.976394984326019,0.0
291,US-NM,US,United States,New Mexico,US-NM,2020-03-16,12.470622950819674,39.8,11.489546925566342,11.881746031746031,11.677821782178219,11.726466666666667,11.043774193548385,12.905856697819313,10.976394984326019,0.0
292,US-NM,US,United States,New Mexico,US-NM,2020-03-23,12.470622950819674,32.67,11.489546925566342,11.881746031746031,11.677821782178219,11.726466666666667,11.043774193548385,12.905856697819313,10.976394984326019,0.0
293,US-NM,US,United States,New Mexico,US-NM,2020-03-30,12.470622950819674,27.73,11.489546925566342,11.881746031746031,11.677821782178219,11.726466666666667,11.043774193548385,12.905856697819313,10.976394984326019,0.0
294,US-NM,US,United States,New Mexico,US-NM,2020-04-06,12.470622950819674,24.65,11.489546925566342,11.881746031746031,11.677821782178219,11.726466666666667,11.043774193548385,12.905856697819313,10.976394984326019,0.0
295,US-NM,US,United States,New Mexico,US-NM,2020-04-13,12.470622950819674,23.21,11.489546925566342,11.881746031746031,11.677821782178219,11.726466666666667,11.043774193548385,12.905856697819313,10.976394984326019,0.0
296,US-NM,US,United States,New Mexico,US-NM,2020-04-20,12.470622950819674,18.09,11.489546925566342,11.881746031746031,11.677821782178219,11.726466666666667,11.043774193548385,12.905856697819313,10.976394984326019,274.0
297,US-NM,US,United States,New Mexico,US-NM,2020-04-27,12.470622950819674,22.26,11.489546925566342,11.881746031746031,11.677821782178219,11.726466666666667,11.043774193548385,12.905856697819313,10.976394984326019,138.0
298,US-NM,US,United States,New Mexico,US-NM,2020-05-04,12.470622950819674,22.98,11.489546925566342,11.881746031746031,11.677821782178219,11.726466666666667,11.043774193548385,12.905856697819313,10.976394984326019,175.0
299,US-NM,US,United States,New Mexico,US-NM,2020-05-11,12.470622950819674,15.51,11.489546925566342,11.881746031746031,11.677821782178219,11.726466666666667,11.043774193548385,12.905856697819313,10.976394984326019,202.0
300,US-NM,US,United States,New Mexico,US-NM,2020-05-18,12.470622950819674,17.68,11.489546925566342,11.881746031746031,11.677821782178219,11.726466666666667,11.043774193548385,12.905856697819313,10.976394984326019,97.0
301,US-NM,US,United States,New Mexico,US-NM,2020-05-25,12.470622950819674,21.68,11.489546925566342,11.881746031746031,11.677821782178219,11.726466666666667,11.043774193548385,12.905856697819313,10.976394984326019,357.0
302,US-NM,US,United States,New Mexico,US-NM,2020-06-01,12.470622950819674,18.67,11.489546925566342,11.881746031746031,11.677821782178219,11.726466666666667,11.043774193548385,12.905856697819313,10.976394984326019,74.0
303,US-NM,US,United States,New Mexico,US-NM,2020-06-08,12.470622950819674,26.05,11.489546925566342,11.881746031746031,11.677821782178219,11.726466666666667,11.043774193548385,12.905856697819313,10.976394984326019,216.0
304,US-NM,US,United States,New Mexico,US-NM,2020-06-15,12.470622950819674,22.08,11.489546925566342,11.881746031746031,11.677821782178219,11.726466666666667,11.043774193548385,12.905856697819313,10.976394984326019,92.0
305,US-NM,US,United States,New Mexico,US-NM,2020-06-22,12.470622950819674,14.53,11.489546925566342,11.881746031746031,11.677821782178219,11.726466666666667,11.043774193548385,12.905856697819313,10.976394984326019,121.0
306,US-NM,US,United States,New Mexico,US-NM,2020-06-29,12.470622950819674,14.86,11.489546925566342,11.881746031746031,11.677821782178219,11.726466666666667,11.043774193548385,12.905856697819313,10.976394984326019,119.0
307,US-NM,US,United States,New Mexico,US-NM,2020-07-06,12.470622950819674,24.32,11.489546925566342,11.881746031746031,11.677821782178219,11.726466666666667,11.043774193548385,12.905856697819313,10.976394984326019,141.0
308,US-NM,US,United States,New Mexico,US-NM,2020-07-13,12.470622950819674,16.92,11.489546925566342,11.881746031746031,11.677821782178219,11.726466666666667,11.043774193548385,12.905856697819313,10.976394984326019,198.0
309,US-NM,US,United States,New Mexico,US-NM,2020-07-20,12.470622950819674,21.27,11.489546925566342,11.881746031746031,11.677821782178219,11.726466666666667,11.043774193548385,12.905856697819313,10.976394984326019,183.0
310,US-NM,US,United States,New Mexico,US-NM,2020-07-27,12.470622950819674,21.71,11.489546925566342,11.881746031746031,11.677821782178219,11.726466666666667,11.043774193548385,12.905856697819313,10.976394984326019,173.0
311,US-NM,US,United States,New Mexico,US-NM,2020-08-03,12.470622950819674,19.22,11.489546925566342,11.881746031746031,11.677821782178219,11.726466666666667,11.043774193548385,12.905856697819313,10.976394984326019,160.0
312,US-NM,US,United States,New Mexico,US-NM,2020-08-10,12.470622950819674,15.3,11.489546925566342,11.881746031746031,11.677821782178219,11.726466666666667,11.043774193548385,12.905856697819313,10.976394984326019,131.0
313,US-NM,US,United States,New Mexico,US-NM,2020-08-17,12.470622950819674,18.28,11.489546925566342,11.881746031746031,11.677821782178219,11.726466666666667,11.043774193548385,12.905856697819313,10.976394984326019,114.0
314,US-NM,US,United States,New Mexico,US-NM,2020-08-24,12.470622950819674,18.93,11.489546925566342,11.881746031746031,11.677821782178219,11.726466666666667,11.043774193548385,12.905856697819313,10.976394984326019,66.0
315,US-NM,US,United States,New Mexico,US-NM,2020-08-31,12.470622950819674,23.36,11.489546925566342,11.881746031746031,11.677821782178219,11.726466666666667,11.043774193548385,12.905856697819313,10.976394984326019,95.0
316,US-NM,US,United States,New Mexico,US-NM,2020-09-07,12.470622950819674,18.39,11.489546925566342,11.881746031746031,11.677821782178219,11.726466666666667,11.043774193548385,12.905856697819313,10.976394984326019,60.0
317,US-NM,US,United States,New Mexico,US-NM,2020-09-14,12.470622950819674,20.36,11.489546925566342,11.881746031746031,11.677821782178219,11.726466666666667,11.043774193548385,12.905856697819313,10.976394984326019,81.0
318,US-NM,US,United States,New Mexico,US-NM,2020-09-21,12.470622950819674,17.27,11.489546925566342,11.881746031746031,11.677821782178219,11.726466666666667,11.043774193548385,12.905856697819313,10.976394984326019,74.0
319,US-RI,US,United States,Rhode Island,US-RI,2020-03-02,13.94,15.69,14.81,12.84,21.07,24.91,11.85,10.75,14.26,0.0
320,US-RI,US,United States,Rhode Island,US-RI,2020-03-09,8.88,14.76,12.65,15.98,9.65,24.3,11.43,18.09,11.21,0.0
321,US-RI,US,United States,Rhode Island,US-RI,2020-03-16,10.7,12.03,20.63,9.71,11.47,20.3,12.14,30.89,9.6,0.0
322,US-RI,US,United States,Rhode Island,US-RI,2020-03-23,10.41,10.92,19.21,6.87,21.43,15.16,10.41,19.91,15.16,0.0
323,US-RI,US,United States,Rhode Island,US-RI,2020-03-30,12.43,9.42,13.43,7.72,13.73,11.22,10.12,20.75,10.42,0.0
324,US-RI,US,United States,Rhode Island,US-RI,2020-04-06,12.31,8.61,13.95,9.44,14.36,8.0,13.33,18.87,13.23,0.0
325,US-RI,US,United States,Rhode Island,US-RI,2020-04-13,10.81,7.44,8.63,9.32,10.61,10.31,11.3,15.86,12.79,331.0
326,US-RI,US,United States,Rhode Island,US-RI,2020-04-20,10.73,7.58,9.55,8.67,13.89,11.52,14.48,11.23,11.13,298.0
327,US-RI,US,United States,Rhode Island,US-RI,2020-04-27,15.49,5.13,11.06,9.55,16.39,6.84,11.16,12.77,11.06,89.0
328,US-RI,US,United States,Rhode Island,US-RI,2020-05-04,10.94,6.79,9.62,7.19,9.72,7.49,11.85,7.39,11.65,343.0
329,US-RI,US,United States,Rhode Island,US-RI,2020-05-11,12.47,7.07,10.49,10.29,9.66,7.69,12.88,12.16,9.14,219.0
330,US-RI,US,United States,Rhode Island,US-RI,2020-05-18,11.68,10.2,6.0,10.94,8.52,6.84,12.73,11.04,10.62,158.0
331,US-RI,US,United States,Rhode Island,US-RI,2020-05-25,6.37,5.31,5.1,12.42,8.49,7.11,12.95,11.04,11.25,142.0
332,US-RI,US,United States,Rhode Island,US-RI,2020-06-01,10.75,6.64,6.22,8.12,6.96,7.91,14.97,6.22,13.81,144.0
333,US-RI,US,United States,Rhode Island,US-RI,2020-06-08,10.29,14.549456193353475,9.65,13.83,12.87,8.15,13.4,9.87,12.87,83.0
334,US-RI,US,United States,Rhode Island,US-RI,2020-06-15,6.8,9.93,9.03,10.48,11.38,8.59,12.49,8.03,11.71,75.0
335,US-RI,US,United States,Rhode Island,US-RI,2020-06-22,10.14,8.16,8.27,15.32,12.35,10.14,14.0,7.83,11.13,68.0
336,US-RI,US,United States,Rhode Island,US-RI,2020-06-29,11.56,14.549456193353475,6.85,16.28,8.87,8.2,13.25,9.43,7.3,45.0
337,US-RI,US,United States,Rhode Island,US-RI,2020-07-06,12.05,10.74,9.31,15.56,11.62,10.3,14.79,7.01,11.07,24.0
338,US-RI,US,United States,Rhode Island,US-RI,2020-07-13,12.4,9.22,8.34,13.72,7.9,7.24,11.63,9.0,10.87,47.0
339,US-RI,US,United States,Rhode Island,US-RI,2020-07-20,12.58,7.5,7.83,13.13,12.13,10.48,12.58,10.7,7.83,44.0
340,US-RI,US,United States,Rhode Island,US-RI,2020-07-27,12.26,8.1,9.19,10.94,11.71,8.1,14.55,9.85,9.08,64.0
341,US-RI,US,United States,Rhode Island,US-RI,2020-08-03,10.29,7.63,9.62,16.7,9.62,5.64,11.95,10.4,10.51,57.0
342,US-RI,US,United States,Rhode Island,US-RI,2020-08-10,11.08,6.69,10.64,15.8,11.41,7.35,13.93,11.52,12.51,80.0
343,US-RI,US,United States,Rhode Island,US-RI,2020-08-17,10.17,5.2,6.75,16.25,11.28,10.95,15.37,9.51,14.04,69.0
344,US-RI,US,United States,Rhode Island,US-RI,2020-08-24,10.43,5.81,10.54,14.95,10.22,8.28,13.02,9.14,12.59,80.0
345,US-RI,US,United States,Rhode Island,US-RI,2020-08-31,14.2,9.03,10.65,12.8,11.4,7.85,15.16,9.57,10.22,59.0
346,US-RI,US,United States,Rhode Island,US-RI,2020-09-07,12.78,8.17,12.15,13.4,13.3,11.2,14.24,11.83,12.04,70.0
347,US-RI,US,United States,Rhode Island,US-RI,2020-09-14,12.87,8.45,11.16,13.07,20.42,9.55,12.97,7.84,11.46,55.0
348,US-RI,US,United States,Rhode Island,US-RI,2020-09-21,10.57,8.96,11.58,17.42,20.34,10.27,14.6,10.67,16.21,49.0
349,US-SD,US,United States,South Dakota,US-SD,2020-03-09,6.02,15.06,10.0,7.47,5.42,19.39,11.043774193548385,10.36,9.28,0.0
350,US-SD,US,United States,South Dakota,US-SD,2020-03-16,8.1,7.0,11.54,11.881746031746031,10.43,16.2,8.71,13.01,10.31,0.0
351,US-SD,US,United States,South Dakota,US-SD,2020-03-23,4.76,10.09,11.67,8.61,20.74,9.86,6.01,13.94,6.23,0.0
352,US-SD,US,United States,South Dakota,US-SD,2020-03-30,4.94,4.94,10.44,11.881746031746031,7.63,8.87,6.51,12.8,10.78,0.0
353,US-SD,US,United States,South Dakota,US-SD,2020-04-06,4.73,14.549456193353475,10.03,11.881746031746031,10.95,5.42,5.65,10.03,8.3,23.0
354,US-SD,US,United States,South Dakota,US-SD,2020-04-13,4.81,5.37,4.48,11.881746031746031,9.74,6.94,7.39,6.05,7.17,21.0
355,US-SD,US,United States,South Dakota,US-SD,2020-04-20,4.75,4.63,5.1,6.95,11.47,5.21,7.53,7.64,9.38,43.0
356,US-SD,US,United States,South Dakota,US-SD,2020-04-27,5.8,14.549456193353475,11.489546925566342,5.56,10.77,11.726466666666667,6.63,7.1,7.34,63.0
357,US-SD,US,United States,South Dakota,US-SD,2020-05-04,12.470622950819674,6.34,4.61,11.881746031746031,7.95,5.42,7.72,5.18,8.53,61.0
358,US-SD,US,United States,South Dakota,US-SD,2020-05-11,12.470622950819674,14.549456193353475,5.75,11.881746031746031,6.58,5.4,8.45,4.93,6.69,52.0
359,US-SD,US,United States,South Dakota,US-SD,2020-05-18,12.470622950819674,14.549456193353475,11.489546925566342,6.91,5.65,11.726466666666667,8.54,5.15,8.41,53.0
360,US-SD,US,United States,South Dakota,US-SD,2020-05-25,6.9,14.549456193353475,5.88,5.75,5.62,5.37,5.88,5.49,9.2,54.0
361,US-SD,US,United States,South Dakota,US-SD,2020-06-01,5.19,14.549456193353475,11.489546925566342,6.46,11.677821782178219,7.09,6.46,5.7,10.976394984326019,65.0
362,US-SD,US,United States,South Dakota,US-SD,2020-06-08,12.470622950819674,14.549456193353475,11.489546925566342,8.56,6.29,5.04,11.043774193548385,5.41,6.17,47.0
363,US-SD,US,United States,South Dakota,US-SD,2020-06-15,12.470622950819674,14.549456193353475,11.489546925566342,7.41,6.53,11.726466666666667,6.03,12.905856697819313,9.41,62.0
364,US-SD,US,United States,South Dakota,US-SD,2020-06-22,6.67,14.549456193353475,11.489546925566342,9.06,6.16,7.04,5.66,12.905856697819313,7.8,72.0
365,US-SD,US,United States,South Dakota,US-SD,2020-06-29,12.470622950819674,14.549456193353475,5.57,7.13,5.83,11.726466666666667,6.87,12.905856697819313,7.26,41.0
366,US-SD,US,United States,South Dakota,US-SD,2020-07-06,12.470622950819674,7.03,6.42,7.03,11.677821782178219,5.18,6.54,7.4,7.77,35.0
367,US-SD,US,United States,South Dakota,US-SD,2020-07-13,12.470622950819674,5.29,6.03,9.48,11.677821782178219,11.726466666666667,8.62,4.93,9.48,50.0
368,US-SD,US,United States,South Dakota,US-SD,2020-07-20,6.55,14.549456193353475,11.489546925566342,8.65,11.677821782178219,6.92,6.18,6.05,9.14,32.0
369,US-SD,US,United States,South Dakota,US-SD,2020-07-27,7.93,8.18,11.489546925566342,9.91,11.677821782178219,6.69,6.82,5.95,9.29,32.0
370,US-SD,US,United States,South Dakota,US-SD,2020-08-03,5.97,14.549456193353475,11.489546925566342,9.75,8.41,7.8,5.36,12.905856697819313,11.21,32.0
371,US-SD,US,United States,South Dakota,US-SD,2020-08-10,12.470622950819674,14.549456193353475,11.489546925566342,5.81,5.45,7.02,11.043774193548385,12.905856697819313,8.11,44.0
372,US-SD,US,United States,South Dakota,US-SD,2020-08-17,12.470622950819674,4.82,11.489546925566342,6.35,7.64,8.82,7.06,5.06,12.94,39.0
373,US-SD,US,United States,South Dakota,US-SD,2020-08-24,6.03,5.02,7.37,8.7,11.677821782178219,4.8,7.92,6.47,8.81,44.0
374,US-SD,US,United States,South Dakota,US-SD,2020-08-31,6.82,6.93,9.54,6.47,7.38,5.57,7.27,6.25,11.02,64.0
375,US-SD,US,United States,South Dakota,US-SD,2020-09-07,6.56,4.67,6.89,10.11,15.45,11.726466666666667,8.0,5.33,9.56,55.0
376,US-SD,US,United States,South Dakota,US-SD,2020-09-14,4.41,7.17,11.47,5.4,13.35,8.38,6.73,7.28,12.46,87.0
377,US-SD,US,United States,South Dakota,US-SD,2020-09-21,12.470622950819674,6.96,8.51,8.51,13.82,11.726466666666667,9.73,5.42,13.16,126.0
378,US-VT,US,United States,Vermont,US-VT,2020-03-09,6.73,11.81,14.35,6.73,11.677821782178219,22.13,8.07,6.88,9.87,0.0
379,US-VT,US,United States,Vermont,US-VT,2020-03-16,6.88,6.58,11.12,12.0,9.95,16.24,6.44,19.46,8.19,0.0
380,US-VT,US,United States,Vermont,US-VT,2020-03-23,12.470622950819674,7.72,11.5,7.44,19.78,9.68,6.59,17.26,6.73,0.0
381,US-VT,US,United States,Vermont,US-VT,2020-03-30,6.86,7.0,10.92,8.82,7.14,6.16,10.64,14.7,8.68,18.0
382,US-VT,US,United States,Vermont,US-VT,2020-04-06,12.470622950819674,6.94,12.32,5.81,9.63,11.726466666666667,8.21,6.66,8.64,27.0
383,US-VT,US,United States,Vermont,US-VT,2020-04-13,7.6,7.74,6.89,8.72,8.02,11.726466666666667,6.61,7.74,6.89,-45.0
384,US-VT,US,United States,Vermont,US-VT,2020-04-20,7.54,14.549456193353475,11.489546925566342,7.98,11.677821782178219,7.54,8.27,7.54,10.976394984326019,0.0
385,US-VT,US,United States,Vermont,US-VT,2020-04-27,12.470622950819674,14.549456193353475,11.489546925566342,9.3,9.16,8.87,10.9,8.14,9.45,0.0
386,US-VT,US,United States,Vermont,US-VT,2020-05-04,6.59,7.88,11.489546925566342,6.88,10.03,6.16,10.03,7.74,8.88,0.0
387,US-VT,US,United States,Vermont,US-VT,2020-05-11,10.63,14.549456193353475,8.3,8.01,11.677821782178219,7.57,5.83,7.14,10.2,0.0
388,US-VT,US,United States,Vermont,US-VT,2020-05-18,10.81,14.549456193353475,7.76,8.22,10.2,11.726466666666667,7.46,8.68,10.976394984326019,0.0
389,US-VT,US,United States,Vermont,US-VT,2020-05-25,12.470622950819674,14.549456193353475,11.489546925566342,10.28,9.83,11.726466666666667,8.19,6.26,7.0,0.0
390,US-VT,US,United States,Vermont,US-VT,2020-06-01,9.19,14.549456193353475,11.489546925566342,9.48,10.23,7.26,8.6,12.905856697819313,8.0,0.0
391,US-VT,US,United States,Vermont,US-VT,2020-06-08,7.7,14.549456193353475,6.51,10.65,12.43,11.726466666666667,9.18,12.905856697819313,7.7,0.0
392,US-VT,US,United States,Vermont,US-VT,2020-06-15,10.6,14.549456193353475,11.489546925566342,8.91,9.06,11.726466666666667,9.83,6.76,7.83,0.0
393,US-VT,US,United States,Vermont,US-VT,2020-06-22,6.72,14.549456193353475,6.28,10.31,7.62,11.726466666666667,8.07,12.905856697819313,8.52,0.0
394,US-VT,US,United States,Vermont,US-VT,2020-06-29,6.48,14.549456193353475,11.489546925566342,10.25,8.44,11.726466666666667,11.043774193548385,12.905856697819313,6.18,0.0
395,US-VT,US,United States,Vermont,US-VT,2020-07-06,12.470622950819674,6.12,6.27,12.98,8.75,11.726466666666667,11.043774193548385,9.04,8.46,0.0
396,US-VT,US,United States,Vermont,US-VT,2020-07-13,7.69,14.549456193353475,7.84,13.16,7.1,11.726466666666667,8.13,6.21,9.46,0.0
397,US-VT,US,United States,Vermont,US-VT,2020-07-20,8.31,14.549456193353475,11.489546925566342,9.65,6.53,11.726466666666667,11.043774193548385,7.42,8.61,0.0
398,US-VT,US,United States,Vermont,US-VT,2020-07-27,6.18,14.549456193353475,6.18,13.83,6.62,6.77,8.83,10.89,10.15,0.0
399,US-VT,US,United States,Vermont,US-VT,2020-08-03,9.4,14.549456193353475,11.489546925566342,14.25,7.93,7.05,8.96,7.79,10.72,0.0
400,US-VT,US,United States,Vermont,US-VT,2020-08-10,7.38,14.549456193353475,11.489546925566342,7.24,7.09,10.04,16.84,7.24,11.67,0.0
401,US-VT,US,United States,Vermont,US-VT,2020-08-17,10.37,14.549456193353475,11.489546925566342,14.89,11.677821782178219,5.99,7.59,12.905856697819313,10.976394984326019,0.0
402,US-VT,US,United States,Vermont,US-VT,2020-08-24,8.23,14.549456193353475,7.52,12.77,7.8,11.726466666666667,10.64,6.95,6.67,0.0
403,US-VT,US,United States,Vermont,US-VT,2020-08-31,12.470622950819674,14.549456193353475,6.81,11.49,6.1,8.79,6.24,12.905856697819313,10.976394984326019,0.0
404,US-VT,US,United States,Vermont,US-VT,2020-09-07,8.46,14.549456193353475,7.91,12.07,23.71,11.726466666666667,7.49,5.96,9.85,0.0
405,US-VT,US,United States,Vermont,US-VT,2020-09-14,9.2,14.549456193353475,11.489546925566342,11.54,10.58,11.726466666666667,7.55,9.34,6.59,0.0
406,US-VT,US,United States,Vermont,US-VT,2020-09-21,8.48,14.549456193353475,9.99,12.86,12.45,6.16,10.12,7.25,14.09,0.0
407,US-WV,US,United States,West Virginia,US-WV,2020-03-09,15.73,29.89,24.91,21.02,25.54,44.69,19.15,21.33,27.09,0.0
408,US-WV,US,United States,West Virginia,US-WV,2020-03-16,13.4,23.57,33.28,22.65,22.65,39.91,20.34,28.66,20.49,0.0
409,US-WV,US,United States,West Virginia,US-WV,2020-03-23,11.66,18.09,27.96,12.11,66.4,31.85,22.73,28.56,21.83,1.0
410,US-WV,US,United States,West Virginia,US-WV,2020-03-30,16.11,17.74,24.98,15.67,28.68,23.65,18.33,23.8,27.35,0.0
411,US-WV,US,United States,West Virginia,US-WV,2020-04-06,16.05,14.85,22.06,18.3,18.16,15.9,22.81,22.66,24.76,-1.0
412,US-WV,US,United States,West Virginia,US-WV,2020-04-13,18.56,10.5,24.03,17.55,21.01,16.26,21.58,18.99,21.15,164.0
413,US-WV,US,United States,West Virginia,US-WV,2020-04-20,17.73,9.59,17.73,17.01,25.44,14.1,19.19,16.57,23.26,-164.0
414,US-WV,US,United States,West Virginia,US-WV,2020-04-27,17.39,11.0,16.79,18.43,26.45,14.56,25.12,15.9,25.86,0.0
415,US-WV,US,United States,West Virginia,US-WV,2020-05-04,21.43,9.59,16.94,19.48,17.54,12.89,22.78,11.54,21.13,0.0
416,US-WV,US,United States,West Virginia,US-WV,2020-05-11,13.07,9.54,17.99,21.07,13.23,11.23,19.38,15.69,21.22,0.0
417,US-WV,US,United States,West Virginia,US-WV,2020-05-18,15.89,10.44,14.34,18.39,18.54,9.82,19.32,7.17,19.17,0.0
418,US-WV,US,United States,West Virginia,US-WV,2020-05-25,15.15,7.58,16.92,15.63,13.7,18.05,22.24,12.41,28.04,0.0
419,US-WV,US,United States,West Virginia,US-WV,2020-06-01,18.43,12.93,15.03,21.01,16.97,12.61,18.91,14.71,22.47,0.0
420,US-WV,US,United States,West Virginia,US-WV,2020-06-08,16.2,11.87,13.96,24.39,19.73,15.56,21.82,9.63,23.58,0.0
421,US-WV,US,United States,West Virginia,US-WV,2020-06-15,19.23,10.99,15.36,19.56,16.0,13.09,25.7,14.22,27.8,0.0
422,US-WV,US,United States,West Virginia,US-WV,2020-06-22,14.53,12.11,13.08,22.77,19.54,11.3,20.34,13.56,36.17,0.0
423,US-WV,US,United States,West Virginia,US-WV,2020-06-29,19.21,14.7,15.7,22.38,21.71,15.2,20.04,18.37,21.38,0.0
424,US-WV,US,United States,West Virginia,US-WV,2020-07-06,16.36,11.55,13.32,22.14,19.57,11.71,20.86,15.88,29.36,0.0
425,US-WV,US,United States,West Virginia,US-WV,2020-07-13,16.3,14.549456193353475,8.88,23.88,20.17,14.36,26.46,19.69,25.66,0.0
426,US-WV,US,United States,West Virginia,US-WV,2020-07-20,17.76,11.95,18.73,22.44,16.79,8.72,29.71,15.18,37.46,0.0
427,US-WV,US,United States,West Virginia,US-WV,2020-07-27,20.31,12.79,14.39,25.43,19.51,13.75,23.03,14.23,21.59,0.0
428,US-WV,US,United States,West Virginia,US-WV,2020-08-03,20.6,11.59,17.38,26.4,20.6,13.68,23.82,14.97,29.46,0.0
429,US-WV,US,United States,West Virginia,US-WV,2020-08-10,21.74,10.71,13.08,28.05,26.0,17.33,20.96,14.02,26.79,0.0
430,US-WV,US,United States,West Virginia,US-WV,2020-08-17,19.21,13.22,19.05,22.51,17.16,15.43,26.76,12.12,19.52,0.0
431,US-WV,US,United States,West Virginia,US-WV,2020-08-24,15.98,10.2,18.57,26.19,23.14,11.42,29.69,13.09,34.86,0.0
432,US-WV,US,United States,West Virginia,US-WV,2020-08-31,17.03,9.05,15.04,25.93,25.32,18.26,25.17,11.97,26.85,0.0
433,US-WV,US,United States,West Virginia,US-WV,2020-09-07,15.65,18.06,21.37,23.03,29.95,18.97,21.37,15.2,28.15,0.0
434,US-WV,US,United States,West Virginia,US-WV,2020-09-14,16.87,12.09,20.9,22.54,30.0,21.64,22.24,9.11,28.81,0.0
435,US-WV,US,United States,West Virginia,US-WV,2020-09-21,15.84,16.73,22.5,27.09,28.87,14.8,19.39,14.06,25.02,0.0
436,US-WY,US,United States,Wyoming,US-WY,2020-03-09,12.470622950819674,3.37,3.19,2.45,3.48,5.82,11.043774193548385,3.77,2.34,0.0
437,US-WY,US,United States,Wyoming,US-WY,2020-03-16,12.470622950819674,3.52,4.35,11.881746031746031,2.82,4.29,11.043774193548385,5.05,10.976394984326019,0.0
438,US-WY,US,United States,Wyoming,US-WY,2020-03-23,12.470622950819674,14.549456193353475,3.16,11.881746031746031,8.65,3.05,3.28,4.63,10.976394984326019,0.0
439,US-WY,US,United States,Wyoming,US-WY,2020-03-30,12.470622950819674,2.25,2.19,11.881746031746031,11.677821782178219,3.18,11.043774193548385,3.45,10.976394984326019,17.0
440,US-WY,US,United States,Wyoming,US-WY,2020-04-06,12.470622950819674,14.549456193353475,11.489546925566342,11.881746031746031,3.06,11.726466666666667,11.043774193548385,2.95,2.62,6.0
441,US-WY,US,United States,Wyoming,US-WY,2020-04-13,12.470622950819674,14.549456193353475,11.489546925566342,2.17,4.23,2.59,3.17,12.905856697819313,10.976394984326019,18.0
442,US-WY,US,United States,Wyoming,US-WY,2020-04-20,12.470622950819674,14.549456193353475,4.93,11.881746031746031,5.48,2.41,3.02,2.19,2.36,10.0
443,US-WY,US,United States,Wyoming,US-WY,2020-04-27,12.470622950819674,14.549456193353475,11.489546925566342,3.41,2.85,11.726466666666667,11.043774193548385,2.68,10.976394984326019,3.0
444,US-WY,US,United States,Wyoming,US-WY,2020-05-04,3.45,14.549456193353475,2.54,2.6,3.33,11.726466666666667,11.043774193548385,12.905856697819313,10.976394984326019,6.0
445,US-WY,US,United States,Wyoming,US-WY,2020-05-11,12.470622950819674,14.549456193353475,11.489546925566342,11.881746031746031,3.13,11.726466666666667,11.043774193548385,12.905856697819313,2.73,6.0
446,US-WY,US,United States,Wyoming,US-WY,2020-05-18,12.470622950819674,14.549456193353475,11.489546925566342,11.881746031746031,11.677821782178219,11.726466666666667,3.24,12.905856697819313,2.77,7.0
447,US-WY,US,United States,Wyoming,US-WY,2020-05-25,12.470622950819674,14.549456193353475,11.489546925566342,2.42,11.677821782178219,11.726466666666667,11.043774193548385,12.905856697819313,10.976394984326019,6.0
448,US-WY,US,United States,Wyoming,US-WY,2020-06-01,12.470622950819674,14.549456193353475,2.57,2.63,11.677821782178219,11.726466666666667,2.45,12.905856697819313,2.45,7.0
449,US-WY,US,United States,Wyoming,US-WY,2020-06-08,12.470622950819674,14.549456193353475,11.489546925566342,2.63,11.677821782178219,11.726466666666667,3.46,12.905856697819313,10.976394984326019,5.0
450,US-WY,US,United States,Wyoming,US-WY,2020-06-15,2.73,14.549456193353475,11.489546925566342,11.881746031746031,11.677821782178219,11.726466666666667,2.73,12.905856697819313,10.976394984326019,2.0
451,US-WY,US,United States,Wyoming,US-WY,2020-06-22,12.470622950819674,14.549456193353475,2.64,11.881746031746031,11.677821782178219,11.726466666666667,11.043774193548385,12.905856697819313,3.11,12.0
452,US-WY,US,United States,Wyoming,US-WY,2020-06-29,12.470622950819674,14.549456193353475,11.489546925566342,11.881746031746031,11.677821782178219,11.726466666666667,11.043774193548385,12.905856697819313,10.976394984326019,7.0
453,US-WY,US,United States,Wyoming,US-WY,2020-07-06,12.470622950819674,14.549456193353475,11.489546925566342,3.39,2.3,11.726466666666667,11.043774193548385,12.905856697819313,2.87,7.0
454,US-WY,US,United States,Wyoming,US-WY,2020-07-13,12.470622950819674,14.549456193353475,11.489546925566342,2.4,11.677821782178219,11.726466666666667,11.043774193548385,12.905856697819313,2.97,5.0
455,US-WY,US,United States,Wyoming,US-WY,2020-07-20,12.470622950819674,14.549456193353475,11.489546925566342,11.881746031746031,11.677821782178219,11.726466666666667,11.043774193548385,12.905856697819313,2.35,20.0
456,US-WY,US,United States,Wyoming,US-WY,2020-07-27,3.21,14.549456193353475,2.87,2.81,11.677821782178219,11.726466666666667,11.043774193548385,12.905856697819313,10.976394984326019,14.0
457,US-WY,US,United States,Wyoming,US-WY,2020-08-03,12.470622950819674,14.549456193353475,11.489546925566342,2.8,11.677821782178219,11.726466666666667,2.97,12.905856697819313,10.976394984326019,9.0
458,US-WY,US,United States,Wyoming,US-WY,2020-08-10,12.470622950819674,14.549456193353475,11.489546925566342,3.99,11.677821782178219,11.726466666666667,2.74,2.97,2.57,12.0
459,US-WY,US,United States,Wyoming,US-WY,2020-08-17,12.470622950819674,14.549456193353475,11.489546925566342,2.75,11.677821782178219,11.726466666666667,11.043774193548385,12.905856697819313,10.976394984326019,16.0
460,US-WY,US,United States,Wyoming,US-WY,2020-08-24,12.470622950819674,14.549456193353475,11.489546925566342,3.37,11.677821782178219,11.726466666666667,11.043774193548385,12.905856697819313,2.48,16.0
461,US-WY,US,United States,Wyoming,US-WY,2020-08-31,12.470622950819674,14.549456193353475,2.85,2.68,11.677821782178219,11.726466666666667,2.63,2.9,10.976394984326019,4.0
462,US-WY,US,United States,Wyoming,US-WY,2020-09-07,2.25,14.549456193353475,2.75,2.92,2.53,11.726466666666667,11.043774193548385,2.2,10.976394984326019,4.0
463,US-WY,US,United States,Wyoming,US-WY,2020-09-14,12.470622950819674,14.549456193353475,11.489546925566342,3.17,11.677821782178219,2.19,2.46,12.905856697819313,10.976394984326019,11.0
464,US-WY,US,United States,Wyoming,US-WY,2020-09-21,12.470622950819674,14.549456193353475,2.52,3.56,4.38,11.726466666666667,11.043774193548385,12.905856697819313,3.23,17.0
